donor_id,donor_name,donor_type,cin_number,state,sector_focus,amount_cr,amount_inr,financial_year,payment_mode,fcra_compliant,ngo_supported,beneficiaries,is_active_donor,source,amount_category,is_active_flag,donor_type_enc,state_enc,sector_enc
TR2151,Hcl Foundation,Trust/Foundation,NOT AVAILABLE,Uttar Pradesh,Healthcare,20.91,209100000.0,2023-24,Online Portal,Yes,NGO Partner 32,80070,Yes,Public Annual Reports / GiveIndia,Medium(10-50Cr),1,1,8,3
CSR2021,State Bank Of India,Corporate,L14117MA2007PLC446479,Maharashtra,Education,56.51,565100000.0,2023-24,Bank Transfer,Yes,NGO Partner 33,125782,Yes,MCA National CSR Data Portal / data.gov.in,Large(50-100Cr),1,0,5,1
CSR2047,Coal India Limited,Corporate,L67154WE1980PLC645175,West Bengal,Environment,211.23,2112300000.0,2023-24,Cheque,Yes,NGO Partner 24,227124,Yes,MCA National CSR Data Portal / data.gov.in,Major(100-500Cr),1,0,9,2
TR2141,Tata Trusts,Trust/Foundation,NOT AVAILABLE,Maharashtra,Healthcare,73.95,739500000.0,2023-24,Online Portal,Yes,NGO Partner 47,7243,Yes,Public Annual Reports / GiveIndia,Large(50-100Cr),1,1,5,3
TR2161,Hdfc Parivartan,Trust/Foundation,NOT AVAILABLE,Maharashtra,Education,38.52,385200000.0,2023-24,Rtgs/Neft,Yes,NGO Partner 6,57740,Yes,Public Annual Reports / GiveIndia,Medium(10-50Cr),1,1,5,1
CSR2060,Adani Ports And Sez,Corporate,L61049GU2008PLC907189,Gujarat,Education,59.19,591900000.0,2023-24,Bank Transfer,Yes,NGO Partner 49,302827,Yes,MCA National CSR Data Portal / data.gov.in,Large(50-100Cr),1,0,1,1
CSR2091,Vedanta Limited,Corporate,L67377RA1982PLC727086,Rajasthan,Healthcare,405.37,4053700000.0,2023-24,Bank Transfer,Yes,NGO Partner 28,386107,Yes,MCA National CSR Data Portal / data.gov.in,Major(100-500Cr),1,0,6,3
CSR2029,Mahindra And Mahindra,Corporate,L16572MA1998PLC599948,Maharashtra,Rural Development,600.9,6009000000.0,2023-24,Cheque,Yes,NGO Partner 4,267248,Yes,MCA National CSR Data Portal / data.gov.in,Mega(>500Cr),1,0,5,4
CSR2102,Power Grid Corporation Of India,Corporate,L68529DE1997PLC607868,Delhi,Rural Development,396.82,3968200000.0,2023-24,Rtgs/Neft,Yes,NGO Partner 22,290363,Yes,MCA National CSR Data Portal / data.gov.in,Major(100-500Cr),1,0,0,4
CSR2031,Bajaj Auto Limited,Corporate,L86503MA1998PLC648177,Maharashtra,Rural Development,74.77,747700000.0,2023-24,Rtgs/Neft,Yes,NGO Partner 17,108090,Yes,MCA National CSR Data Portal / data.gov.in,Large(50-100Cr),1,0,5,4
CSR2125,Dabur India,Corporate,L46666DE1981PLC823811,Delhi,Rural Development,396.58,3965800000.0,2023-24,Rtgs/Neft,Yes,NGO Partner 14,233460,Yes,MCA National CSR Data Portal / data.gov.in,Major(100-500Cr),1,0,0,4
TR2154,Hindustan Zinc Foundation,Trust/Foundation,NOT AVAILABLE,Rajasthan,Women Empowerment,48.0,480000000.0,2023-24,Bank Transfer,Yes,NGO Partner 1,27294,Yes,Public Annual Reports / GiveIndia,Medium(10-50Cr),1,1,6,6
CSR2093,Tata Steel,Corporate,L86720JH1993PLC765620,Jharkhand,Education,733.7,7337000000.0,2023-24,Online Portal,Yes,NGO Partner 6,247420,Yes,MCA National CSR Data Portal / data.gov.in,Mega(>500Cr),1,0,3,1
CSR2054,Sun Pharmaceutical Industries,Corporate,L74799GU1992PLC355836,Gujarat,Education,464.78,4647800000.0,2023-24,Cheque,Yes,NGO Partner 42,361512,Yes,MCA National CSR Data Portal / data.gov.in,Major(100-500Cr),1,0,1,1
CSR2039,Hcl Technologies,Corporate,L29536UT1997PLC137778,Uttar Pradesh,Environment,756.59,7565900000.0,2023-24,Rtgs/Neft,Yes,NGO Partner 38,290682,Yes,MCA National CSR Data Portal / data.gov.in,Mega(>500Cr),1,0,8,2
CSR2081,Nestle India,Corporate,L82529HA1989PLC831295,Haryana,Rural Development,226.71,2267100000.0,2023-24,Cheque,Yes,NGO Partner 41,456323,Yes,MCA National CSR Data Portal / data.gov.in,Major(100-500Cr),1,0,2,4
TR2146,Wipro Foundation,Trust/Foundation,NOT AVAILABLE,Karnataka,Environment,40.18,401800000.0,2023-24,Rtgs/Neft,Yes,NGO Partner 23,1300,Yes,Public Annual Reports / GiveIndia,Medium(10-50Cr),1,1,4,2
CSR2052,Ntpc Limited,Corporate,L92960DE1999PLC451470,Delhi,Healthcare,234.19,2341900000.0,2023-24,Bank Transfer,Yes,NGO Partner 49,124138,Yes,MCA National CSR Data Portal / data.gov.in,Major(100-500Cr),1,0,0,3
CSR2044,Tech Mahindra,Corporate,L13101MA2001PLC302511,Maharashtra,Education,698.35,6983500000.0,2023-24,Online Portal,Yes,NGO Partner 22,147068,No,MCA National CSR Data Portal / data.gov.in,Mega(>500Cr),0,0,5,1
CSR2023,Itc Limited,Corporate,L98259WE2000PLC777568,West Bengal,Rural Development,692.43,6924300000.0,2023-24,Bank Transfer,Yes,NGO Partner 4,212089,Yes,MCA National CSR Data Portal / data.gov.in,Mega(>500Cr),1,0,9,4
CSR2096,Bharat Petroleum Corporation,Corporate,L57419MA1999PLC893188,Maharashtra,Environment,52.82,528200000.0,2023-24,Online Portal,Yes,NGO Partner 41,232756,Yes,MCA National CSR Data Portal / data.gov.in,Large(50-100Cr),1,0,5,2
CSR2008,Hdfc Bank,Corporate,L31417MA1994PLC497887,Maharashtra,Rural Development,431.97,4319700000.0,2023-24,Rtgs/Neft,Yes,NGO Partner 41,361795,Yes,MCA National CSR Data Portal / data.gov.in,Major(100-500Cr),1,0,5,4
CSR2006,Tata Consultancy Services,Corporate,L47930MA1982PLC996865,Maharashtra,Education,46.2,462000000.0,2023-24,Cheque,Yes,NGO Partner 7,200295,Yes,MCA National CSR Data Portal / data.gov.in,Medium(10-50Cr),1,0,5,1
CSR2067,Dr. Reddys Laboratories,Corporate,L91439TE1984PLC350132,Telangana,Healthcare,167.49,1674900000.0,2023-24,Cheque,Yes,NGO Partner 31,351989,Yes,MCA National CSR Data Portal / data.gov.in,Major(100-500Cr),1,0,7,3
CSR2018,Ongc Limited,Corporate,L82063DE1985PLC377932,Delhi,Education,111.43,1114300000.0,2023-24,Online Portal,Yes,NGO Partner 14,488018,Yes,MCA National CSR Data Portal / data.gov.in,Major(100-500Cr),1,0,0,1
CSR2017,Wipro Limited,Corporate,L41385KA1981PLC352572,Karnataka,Healthcare,704.19,7041900000.0,2023-24,Bank Transfer,Yes,NGO Partner 6,384730,Yes,MCA National CSR Data Portal / data.gov.in,Mega(>500Cr),1,0,4,3
TR2169,Mahindra Foundation,Trust/Foundation,NOT AVAILABLE,Maharashtra,Rural Development,64.05,640500000.0,2023-24,Bank Transfer,Yes,NGO Partner 23,66997,Yes,Public Annual Reports / GiveIndia,Large(50-100Cr),1,1,5,4
CSR2108,Ultratech Cement,Corporate,L39817MA2003PLC194769,Maharashtra,Education,508.62,5086200000.0,2023-24,Online Portal,Yes,NGO Partner 7,399652,Yes,MCA National CSR Data Portal / data.gov.in,Mega(>500Cr),1,0,5,1
CSR2073,Maruti Suzuki India,Corporate,L42177DE2006PLC190872,Delhi,Rural Development,478.05,4780500000.0,2023-24,Rtgs/Neft,Yes,NGO Partner 29,128854,Yes,MCA National CSR Data Portal / data.gov.in,Major(100-500Cr),1,0,0,4
CSR2085,Jsw Steel,Corporate,L87139MA1993PLC420214,Maharashtra,Healthcare,727.72,7277200000.0,2023-24,Bank Transfer,Yes,NGO Partner 40,389019,Yes,MCA National CSR Data Portal / data.gov.in,Mega(>500Cr),1,0,5,3
CSR2012,Infosys Limited,Corporate,L30969KA2005PLC813536,Karnataka,Rural Development,96.62,966200000.0,2023-24,Online Portal,Yes,NGO Partner 39,34306,Yes,MCA National CSR Data Portal / data.gov.in,Large(50-100Cr),1,0,4,4
TR2137,Azim Premji Foundation,Trust/Foundation,NOT AVAILABLE,Karnataka,Education,85.69,856900000.0,2023-24,Online Portal,Yes,NGO Partner 27,96131,Yes,Public Annual Reports / GiveIndia,Large(50-100Cr),1,1,4,1
CSR2064,Dr. Reddys Laboratories,Corporate,L52906TE1986PLC576786,Telangana,Education,49.72,497200000.0,2022-23,Rtgs/Neft,Yes,NGO Partner 22,400103,No,MCA National CSR Data Portal / data.gov.in,Medium(10-50Cr),0,0,7,1
CSR2075,Maruti Suzuki India,Corporate,L54608DE1988PLC725113,Delhi,Rural Development,290.31,2903100000.0,2022-23,Rtgs/Neft,Yes,NGO Partner 36,6322,Yes,MCA National CSR Data Portal / data.gov.in,Major(100-500Cr),1,0,0,4
CSR2084,Godrej Consumer Products,Corporate,L42530MA1983PLC685181,Maharashtra,Rural Development,759.81,7598100000.0,2022-23,Online Portal,Yes,NGO Partner 39,313542,Yes,MCA National CSR Data Portal / data.gov.in,Mega(>500Cr),1,0,5,4
TR2134,Azim Premji Foundation,Trust/Foundation,NOT AVAILABLE,Karnataka,Education,58.63,586300000.0,2022-23,Online Portal,Yes,NGO Partner 39,70041,Yes,Public Annual Reports / GiveIndia,Large(50-100Cr),1,1,4,1
CSR2049,Ntpc Limited,Corporate,L65108DE2001PLC497562,Delhi,Rural Development,447.99,4479900000.0,2022-23,Cheque,Yes,NGO Partner 40,299375,Yes,MCA National CSR Data Portal / data.gov.in,Major(100-500Cr),1,0,0,4
CSR2094,Tata Steel,Corporate,L23710JH2007PLC268637,Jharkhand,Rural Development,273.31,2733100000.0,2022-23,Rtgs/Neft,Yes,NGO Partner 27,364684,Yes,MCA National CSR Data Portal / data.gov.in,Major(100-500Cr),1,0,3,4
CSR2056,Bharti Airtel,Corporate,L68008DE1999PLC954596,Delhi,Skill Development,643.12,6431200000.0,2022-23,Online Portal,Yes,NGO Partner 36,234787,No,MCA National CSR Data Portal / data.gov.in,Mega(>500Cr),0,0,0,5
TR2139,Infosys Foundation,Trust/Foundation,NOT AVAILABLE,Karnataka,Healthcare,18.09,180900000.0,2022-23,Bank Transfer,Yes,NGO Partner 28,13156,Yes,Public Annual Reports / GiveIndia,Medium(10-50Cr),1,1,4,3
TR2143,Tata Trusts,Trust/Foundation,NOT AVAILABLE,Maharashtra,Rural Development,117.69,1176900000.0,2022-23,Cheque,Yes,NGO Partner 43,63701,Yes,Public Annual Reports / GiveIndia,Major(100-500Cr),1,1,5,4
CSR2127,Havells India,Corporate,L16629UT2005PLC449709,Uttar Pradesh,Education,533.59,5335900000.0,2022-23,Cheque,Yes,NGO Partner 9,413603,Yes,MCA National CSR Data Portal / data.gov.in,Mega(>500Cr),1,0,8,1
CSR2086,Jsw Steel,Corporate,L37659MA1988PLC792509,Maharashtra,Environment,612.56,6125600000.0,2022-23,Bank Transfer,Yes,NGO Partner 11,126758,Yes,MCA National CSR Data Portal / data.gov.in,Mega(>500Cr),1,0,5,2
CSR2088,Vedanta Limited,Corporate,L87304RA2001PLC942956,Rajasthan,Rural Development,739.89,7398900000.0,2022-23,Cheque,Yes,NGO Partner 28,61175,Yes,MCA National CSR Data Portal / data.gov.in,Mega(>500Cr),1,0,6,4
CSR2068,Hindustan Unilever,Corporate,L31465MA2010PLC426147,Maharashtra,Rural Development,142.55,1425500000.0,2022-23,Bank Transfer,Yes,NGO Partner 38,14462,No,MCA National CSR Data Portal / data.gov.in,Major(100-500Cr),0,0,5,4
CSR2062,Adani Ports And Sez,Corporate,L73993GU1987PLC386193,Gujarat,Rural Development,641.9,6419000000.0,2022-23,Online Portal,Yes,NGO Partner 32,16217,Yes,MCA National CSR Data Portal / data.gov.in,Mega(>500Cr),1,0,1,4
CSR2114,Titan Company,Corporate,L23979KA1987PLC499889,Karnataka,Education,799.51,7995100000.0,2022-23,Rtgs/Neft,Yes,NGO Partner 37,156122,No,MCA National CSR Data Portal / data.gov.in,Mega(>500Cr),0,0,4,1
CSR2046,Coal India Limited,Corporate,L67199WE1999PLC636265,West Bengal,Education,283.09,2830900000.0,2022-23,Bank Transfer,Yes,NGO Partner 25,472599,Yes,MCA National CSR Data Portal / data.gov.in,Major(100-500Cr),1,0,9,1
TR2160,Hdfc Parivartan,Trust/Foundation,NOT AVAILABLE,Maharashtra,Rural Development,86.45,864500000.0,2022-23,Online Portal,Yes,NGO Partner 2,43068,Yes,Public Annual Reports / GiveIndia,Large(50-100Cr),1,1,5,4
TR2171,Bajaj Foundation,Trust/Foundation,NOT AVAILABLE,Maharashtra,Healthcare,173.53,1735300000.0,2022-23,Online Portal,Yes,NGO Partner 30,76564,Yes,Public Annual Reports / GiveIndia,Major(100-500Cr),1,1,5,3
CSR2004,Tata Consultancy Services,Corporate,L57052MA2007PLC460663,Maharashtra,Education,83.27,832700000.0,2022-23,Rtgs/Neft,Yes,NGO Partner 3,383589,Yes,MCA National CSR Data Portal / data.gov.in,Large(50-100Cr),1,0,5,1
CSR2111,Ultratech Cement,Corporate,L89887MA2007PLC501126,Maharashtra,Rural Development,144.29,1442900000.0,2022-23,Cheque,Yes,NGO Partner 32,479585,Yes,MCA National CSR Data Portal / data.gov.in,Major(100-500Cr),1,0,5,4
TR2168,Mahindra Foundation,Trust/Foundation,NOT AVAILABLE,Maharashtra,Education,34.44,344400000.0,2022-23,Online Portal,Yes,NGO Partner 29,83256,Yes,Public Annual Reports / GiveIndia,Medium(10-50Cr),1,1,5,1
CSR2011,Infosys Limited,Corporate,L38746KA1984PLC634277,Karnataka,Environment,470.99,4709900000.0,2022-23,Online Portal,Yes,NGO Partner 6,397247,Yes,MCA National CSR Data Portal / data.gov.in,Major(100-500Cr),1,0,4,2
CSR2119,Pidilite Industries,Corporate,L54396MA2005PLC220764,Maharashtra,Education,390.66,3906600000.0,2022-23,Online Portal,Yes,NGO Partner 5,74797,Yes,MCA National CSR Data Portal / data.gov.in,Major(100-500Cr),1,0,5,1
CSR2107,Cipla Limited,Corporate,L98389MA2007PLC659543,Maharashtra,Education,523.37,5233700000.0,2022-23,Online Portal,Yes,NGO Partner 21,329623,Yes,MCA National CSR Data Portal / data.gov.in,Mega(>500Cr),1,0,5,1
CSR2120,Bosch Limited,Corporate,L44663KA1997PLC229592,Karnataka,Skill Development,634.64,6346400000.0,2022-23,Online Portal,Yes,NGO Partner 24,353755,Yes,MCA National CSR Data Portal / data.gov.in,Mega(>500Cr),1,0,4,5
CSR2025,Itc Limited,Corporate,L68082WE2005PLC997546,West Bengal,Rural Development,375.48,3754800000.0,2022-23,Bank Transfer,Yes,NGO Partner 4,342911,No,MCA National CSR Data Portal / data.gov.in,Major(100-500Cr),0,0,9,4
CSR2104,Power Grid Corporation Of India,Corporate,L59968DE1992PLC795928,Delhi,Education,44.48,444800000.0,2022-23,Cheque,Yes,NGO Partner 32,20408,Yes,MCA National CSR Data Portal / data.gov.in,Medium(10-50Cr),1,0,0,1
CSR2028,Larsen And Toubro,Corporate,L96752MA2002PLC610311,Maharashtra,Healthcare,587.1,5871000000.0,2022-23,Cheque,Yes,NGO Partner 13,156560,Yes,MCA National CSR Data Portal / data.gov.in,Mega(>500Cr),1,0,5,3
TR2155,Hindustan Zinc Foundation,Trust/Foundation,NOT AVAILABLE,Rajasthan,Education,63.78,637800000.0,2022-23,Cheque,Yes,NGO Partner 49,33991,Yes,Public Annual Reports / GiveIndia,Large(50-100Cr),1,1,6,1
TR2150,Wipro Foundation,Trust/Foundation,NOT AVAILABLE,Karnataka,Environment,77.16,771600000.0,2022-23,Bank Transfer,Yes,NGO Partner 4,20892,Yes,Public Annual Reports / GiveIndia,Large(50-100Cr),1,1,4,2
CSR2042,Tech Mahindra,Corporate,L63964MA2005PLC802448,Maharashtra,Skill Development,591.89,5918900000.0,2022-23,Cheque,Yes,NGO Partner 18,84465,Yes,MCA National CSR Data Portal / data.gov.in,Mega(>500Cr),1,0,5,5
CSR2041,Hcl Technologies,Corporate,L83385UT2008PLC526117,Uttar Pradesh,Healthcare,536.88,5368800000.0,2022-23,Cheque,Yes,NGO Partner 16,454302,Yes,MCA National CSR Data Portal / data.gov.in,Mega(>500Cr),1,0,8,3
CSR2123,Dabur India,Corporate,L74569DE1983PLC201913,Delhi,Rural Development,757.55,7575500000.0,2022-23,Cheque,Yes,NGO Partner 35,72127,Yes,MCA National CSR Data Portal / data.gov.in,Mega(>500Cr),1,0,0,4
CSR2037,Asian Paints Limited,Corporate,L42914MA2008PLC987204,Maharashtra,Community Development,218.55,2185500000.0,2022-23,Bank Transfer,Yes,NGO Partner 6,333547,Yes,MCA National CSR Data Portal / data.gov.in,Major(100-500Cr),1,0,5,0
CSR2132,Abb India,Corporate,L70036KA2000PLC132663,Karnataka,Education,44.26,442600000.0,2022-23,Bank Transfer,Yes,NGO Partner 31,445228,Yes,MCA National CSR Data Portal / data.gov.in,Medium(10-50Cr),1,0,4,1
CSR2100,Bharat Petroleum Corporation,Corporate,L64459MA2006PLC605937,Maharashtra,Healthcare,412.01,4120100000.0,2022-23,Online Portal,Yes,NGO Partner 16,240487,Yes,MCA National CSR Data Portal / data.gov.in,Major(100-500Cr),1,0,5,3
CSR2129,Siemens India,Corporate,L32871MA1983PLC793169,Maharashtra,Education,790.15,7901500000.0,2021-22,Bank Transfer,Yes,NGO Partner 9,8791,Yes,MCA National CSR Data Portal / data.gov.in,Mega(>500Cr),1,0,5,1
CSR2105,Power Grid Corporation Of India,Corporate,L23154DE2007PLC986088,Delhi,Education,772.63,7726300000.0,2021-22,Online Portal,Yes,NGO Partner 7,276749,No,MCA National CSR Data Portal / data.gov.in,Mega(>500Cr),0,0,0,1
CSR2110,Ultratech Cement,Corporate,L66450MA1984PLC356059,Maharashtra,Education,241.76,2417600000.0,2021-22,Online Portal,Yes,NGO Partner 37,358459,Yes,MCA National CSR Data Portal / data.gov.in,Major(100-500Cr),1,0,5,1
CSR2098,Bharat Petroleum Corporation,Corporate,L41365MA2002PLC266071,Maharashtra,Environment,778.79,7787900000.0,2021-22,Rtgs/Neft,Yes,NGO Partner 36,8169,Yes,MCA National CSR Data Portal / data.gov.in,Mega(>500Cr),1,0,5,2
CSR2126,Dabur India,Corporate,L23022DE2001PLC485178,Delhi,Rural Development,196.53,1965300000.0,2021-22,Rtgs/Neft,Yes,NGO Partner 4,209739,Yes,MCA National CSR Data Portal / data.gov.in,Major(100-500Cr),1,0,0,4
CSR2090,Vedanta Limited,Corporate,L67560RA1983PLC591465,Rajasthan,Healthcare,459.67,4596700000.0,2021-22,Rtgs/Neft,Yes,NGO Partner 45,212030,No,MCA National CSR Data Portal / data.gov.in,Major(100-500Cr),0,0,6,3
CSR2117,Pidilite Industries,Corporate,L21813MA2009PLC409445,Maharashtra,Rural Development,467.86,4678600000.0,2021-22,Rtgs/Neft,Yes,NGO Partner 48,218843,Yes,MCA National CSR Data Portal / data.gov.in,Major(100-500Cr),1,0,5,4
CSR2121,Bosch Limited,Corporate,L93695KA2010PLC489518,Karnataka,Education,217.11,2171100000.0,2021-22,Bank Transfer,Yes,NGO Partner 44,123590,Yes,MCA National CSR Data Portal / data.gov.in,Major(100-500Cr),1,0,4,1
CSR2095,Tata Steel,Corporate,L82102JH1981PLC576919,Jharkhand,Healthcare,533.44,5334400000.0,2021-22,Bank Transfer,Yes,NGO Partner 21,133329,Yes,MCA National CSR Data Portal / data.gov.in,Mega(>500Cr),1,0,3,3
CSR2083,Godrej Consumer Products,Corporate,L62521MA1995PLC177680,Maharashtra,Rural Development,100.13,1001300000.0,2021-22,Bank Transfer,Yes,NGO Partner 10,79222,Yes,MCA National CSR Data Portal / data.gov.in,Major(100-500Cr),1,0,5,4
CSR2002,Reliance Industries Limited,Corporate,L76237MA1999PLC127824,Maharashtra,Education,84.02,840200000.0,2021-22,Cheque,Yes,NGO Partner 46,341726,Yes,MCA National CSR Data Portal / data.gov.in,Large(50-100Cr),1,0,5,1
TR2142,Tata Trusts,Trust/Foundation,NOT AVAILABLE,Maharashtra,Healthcare,193.84,1938400000.0,2021-22,Rtgs/Neft,Yes,NGO Partner 23,14079,Yes,Public Annual Reports / GiveIndia,Major(100-500Cr),1,1,5,3
CSR2080,Kotak Mahindra Bank,Corporate,L23176MA2006PLC303547,Maharashtra,Healthcare,610.56,6105600000.0,2021-22,Rtgs/Neft,Yes,NGO Partner 15,190205,Yes,MCA National CSR Data Portal / data.gov.in,Mega(>500Cr),1,0,5,3
CSR2050,Ntpc Limited,Corporate,L49829DE1989PLC320392,Delhi,Rural Development,442.87,4428700000.0,2021-22,Online Portal,Yes,NGO Partner 38,319065,Yes,MCA National CSR Data Portal / data.gov.in,Major(100-500Cr),1,0,0,4
CSR2005,Tata Consultancy Services,Corporate,L20328MA1997PLC407419,Maharashtra,Skill Development,108.61,1086100000.0,2021-22,Rtgs/Neft,Yes,NGO Partner 37,101814,Yes,MCA National CSR Data Portal / data.gov.in,Major(100-500Cr),1,0,5,5
TR2170,Bajaj Foundation,Trust/Foundation,NOT AVAILABLE,Maharashtra,Rural Development,12.33,123300000.0,2021-22,Rtgs/Neft,Yes,NGO Partner 5,84997,Yes,Public Annual Reports / GiveIndia,Medium(10-50Cr),1,1,5,4
CSR2013,Infosys Limited,Corporate,L79352KA1988PLC680099,Karnataka,Environment,480.75,4807500000.0,2021-22,Bank Transfer,Yes,NGO Partner 44,378865,Yes,MCA National CSR Data Portal / data.gov.in,Major(100-500Cr),1,0,4,2
CSR2014,Wipro Limited,Corporate,L44522KA1996PLC898975,Karnataka,Education,134.94,1349400000.0,2021-22,Cheque,Yes,NGO Partner 33,479479,Yes,MCA National CSR Data Portal / data.gov.in,Major(100-500Cr),1,0,4,1
TR2164,Godrej Good And Green,Trust/Foundation,NOT AVAILABLE,Maharashtra,Environment,104.54,1045400000.0,2021-22,Cheque,Yes,NGO Partner 50,46293,Yes,Public Annual Reports / GiveIndia,Major(100-500Cr),1,1,5,2
TR2163,Hdfc Parivartan,Trust/Foundation,NOT AVAILABLE,Maharashtra,Education,107.17,1071700000.0,2021-22,Rtgs/Neft,Yes,NGO Partner 48,45000,Yes,Public Annual Reports / GiveIndia,Major(100-500Cr),1,1,5,1
CSR2024,Itc Limited,Corporate,L42591WE1986PLC299448,West Bengal,Rural Development,642.47,6424700000.0,2021-22,Online Portal,Yes,NGO Partner 9,222187,Yes,MCA National CSR Data Portal / data.gov.in,Mega(>500Cr),1,0,9,4
TR2156,Hindustan Zinc Foundation,Trust/Foundation,NOT AVAILABLE,Rajasthan,Education,61.44,614400000.0,2021-22,Bank Transfer,Yes,NGO Partner 32,98412,Yes,Public Annual Reports / GiveIndia,Large(50-100Cr),1,1,6,1
CSR2033,Bajaj Auto Limited,Corporate,L70068MA1999PLC690341,Maharashtra,Healthcare,749.23,7492300000.0,2021-22,Bank Transfer,Yes,NGO Partner 5,282875,Yes,MCA National CSR Data Portal / data.gov.in,Mega(>500Cr),1,0,5,3
CSR2035,Asian Paints Limited,Corporate,L96951MA1983PLC240814,Maharashtra,Community Development,16.18,161800000.0,2021-22,Rtgs/Neft,Yes,NGO Partner 8,467465,Yes,MCA National CSR Data Portal / data.gov.in,Medium(10-50Cr),1,0,5,0
CSR2045,Coal India Limited,Corporate,L44237WE1985PLC708792,West Bengal,Healthcare,752.0,7520000000.0,2021-22,Rtgs/Neft,Yes,NGO Partner 3,57834,Yes,MCA National CSR Data Portal / data.gov.in,Mega(>500Cr),1,0,9,3
TR2153,Hcl Foundation,Trust/Foundation,NOT AVAILABLE,Uttar Pradesh,Healthcare,27.19,271900000.0,2021-22,Bank Transfer,Yes,NGO Partner 19,89395,Yes,Public Annual Reports / GiveIndia,Medium(10-50Cr),1,1,8,3
TR2148,Wipro Foundation,Trust/Foundation,NOT AVAILABLE,Karnataka,Education,149.49,1494900000.0,2021-22,Bank Transfer,Yes,NGO Partner 48,70031,Yes,Public Annual Reports / GiveIndia,Major(100-500Cr),1,1,4,1
CSR2066,Dr. Reddys Laboratories,Corporate,L39389TE2000PLC171951,Telangana,Education,799.93,7999300000.0,2021-22,Bank Transfer,Yes,NGO Partner 49,17268,No,MCA National CSR Data Portal / data.gov.in,Mega(>500Cr),0,0,7,1
CSR2078,Axis Bank,Corporate,L82140MA1990PLC468900,Maharashtra,Rural Development,346.15,3461500000.0,2021-22,Online Portal,Yes,NGO Partner 18,161758,Yes,MCA National CSR Data Portal / data.gov.in,Major(100-500Cr),1,0,5,4
TR2135,Azim Premji Foundation,Trust/Foundation,NOT AVAILABLE,Karnataka,Education,62.51,625100000.0,2021-22,Bank Transfer,Yes,NGO Partner 45,15496,Yes,Public Annual Reports / GiveIndia,Large(50-100Cr),1,1,4,1
CSR2071,Maruti Suzuki India,Corporate,L23833DE1993PLC479781,Delhi,Rural Development,681.16,6811600000.0,2021-22,Online Portal,Yes,NGO Partner 46,81211,Yes,MCA National CSR Data Portal / data.gov.in,Mega(>500Cr),1,0,0,4
TR2138,Infosys Foundation,Trust/Foundation,NOT AVAILABLE,Karnataka,Education,134.7,1347000000.0,2021-22,Cheque,Yes,NGO Partner 44,62663,Yes,Public Annual Reports / GiveIndia,Major(100-500Cr),1,1,4,1
CSR2069,Hindustan Unilever,Corporate,L61990MA2010PLC849747,Maharashtra,Women Empowerment,464.88,4648800000.0,2021-22,Cheque,Yes,NGO Partner 5,311429,Yes,MCA National CSR Data Portal / data.gov.in,Major(100-500Cr),1,0,5,6
CSR2059,Adani Ports And Sez,Corporate,L38043GU1982PLC535020,Gujarat,Environment,558.22,5582200000.0,2021-22,Online Portal,Yes,NGO Partner 22,285484,Yes,MCA National CSR Data Portal / data.gov.in,Mega(>500Cr),1,0,1,2
TR2157,Hindustan Zinc Foundation,Trust/Foundation,NOT AVAILABLE,Rajasthan,Education,88.98,889800000.0,2020-21,Online Portal,Yes,NGO Partner 35,92731,Yes,Public Annual Reports / GiveIndia,Large(50-100Cr),1,1,6,1
TR2140,Infosys Foundation,Trust/Foundation,NOT AVAILABLE,Karnataka,Education,150.19,1501900000.0,2020-21,Cheque,Yes,NGO Partner 36,8361,Yes,Public Annual Reports / GiveIndia,Major(100-500Cr),1,1,4,1
TR2162,Hdfc Parivartan,Trust/Foundation,NOT AVAILABLE,Maharashtra,Rural Development,169.67,1696700000.0,2020-21,Online Portal,Yes,NGO Partner 38,52987,Yes,Public Annual Reports / GiveIndia,Major(100-500Cr),1,1,5,4
TR2149,Wipro Foundation,Trust/Foundation,NOT AVAILABLE,Karnataka,Environment,46.95,469500000.0,2020-21,Online Portal,Yes,NGO Partner 22,21131,Yes,Public Annual Reports / GiveIndia,Medium(10-50Cr),1,1,4,2
TR2165,Godrej Good And Green,Trust/Foundation,NOT AVAILABLE,Maharashtra,Environment,73.46,734600000.0,2020-21,Cheque,Yes,NGO Partner 7,19694,Yes,Public Annual Reports / GiveIndia,Large(50-100Cr),1,1,5,2
TR2167,Mahindra Foundation,Trust/Foundation,NOT AVAILABLE,Maharashtra,Rural Development,152.12,1521200000.0,2020-21,Rtgs/Neft,Yes,NGO Partner 41,41936,Yes,Public Annual Reports / GiveIndia,Major(100-500Cr),1,1,5,4
CSR2115,Titan Company,Corporate,L45976KA1980PLC693419,Karnataka,Education,243.23,2432300000.0,2020-21,Bank Transfer,Yes,NGO Partner 39,391684,Yes,MCA National CSR Data Portal / data.gov.in,Major(100-500Cr),1,0,4,1
TR2136,Azim Premji Foundation,Trust/Foundation,NOT AVAILABLE,Karnataka,Education,171.29,1712900000.0,2020-21,Online Portal,Yes,NGO Partner 29,30449,Yes,Public Annual Reports / GiveIndia,Major(100-500Cr),1,1,4,1
CSR2130,Siemens India,Corporate,L12068MA1985PLC378258,Maharashtra,Education,632.86,6328600000.0,2020-21,Bank Transfer,Yes,NGO Partner 9,389873,Yes,MCA National CSR Data Portal / data.gov.in,Mega(>500Cr),1,0,5,1
TR2145,Tata Trusts,Trust/Foundation,NOT AVAILABLE,Maharashtra,Education,27.4,274000000.0,2020-21,Cheque,Yes,NGO Partner 28,74026,Yes,Public Annual Reports / GiveIndia,Medium(10-50Cr),1,1,5,1
CSR2116,Pidilite Industries,Corporate,L92345MA1983PLC757937,Maharashtra,Rural Development,500.5,5005000000.0,2020-21,Bank Transfer,Yes,NGO Partner 20,414459,Yes,MCA National CSR Data Portal / data.gov.in,Mega(>500Cr),1,0,5,4
CSR2087,Jsw Steel,Corporate,L63545MA1994PLC822858,Maharashtra,Education,69.3,693000000.0,2020-21,Online Portal,Yes,NGO Partner 19,18112,Yes,MCA National CSR Data Portal / data.gov.in,Large(50-100Cr),1,0,5,1
TR2172,Bajaj Foundation,Trust/Foundation,NOT AVAILABLE,Maharashtra,Healthcare,113.09,1130900000.0,2020-21,Online Portal,Yes,NGO Partner 37,85937,Yes,Public Annual Reports / GiveIndia,Major(100-500Cr),1,1,5,3
CSR2077,Axis Bank,Corporate,L41890MA1989PLC796212,Maharashtra,Healthcare,242.45,2424500000.0,2020-21,Rtgs/Neft,Yes,NGO Partner 31,291179,Yes,MCA National CSR Data Portal / data.gov.in,Major(100-500Cr),1,0,5,3
CSR2022,Itc Limited,Corporate,L34957WE1983PLC201639,West Bengal,Education,629.85,6298500000.0,2020-21,Online Portal,Yes,NGO Partner 23,223077,Yes,MCA National CSR Data Portal / data.gov.in,Mega(>500Cr),1,0,9,1
CSR2048,Coal India Limited,Corporate,L91678WE1990PLC795612,West Bengal,Education,534.75,5347500000.0,2020-21,Bank Transfer,Yes,NGO Partner 47,472883,Yes,MCA National CSR Data Portal / data.gov.in,Mega(>500Cr),1,0,9,1
CSR2051,Ntpc Limited,Corporate,L98555DE1986PLC636004,Delhi,Education,377.34,3773400000.0,2020-21,Online Portal,Yes,NGO Partner 48,89967,Yes,MCA National CSR Data Portal / data.gov.in,Major(100-500Cr),1,0,0,1
CSR2034,Asian Paints Limited,Corporate,L67433MA2006PLC669605,Maharashtra,Education,301.93,3019300000.0,2020-21,Rtgs/Neft,Yes,NGO Partner 40,424152,Yes,MCA National CSR Data Portal / data.gov.in,Major(100-500Cr),1,0,5,1
CSR2053,Sun Pharmaceutical Industries,Corporate,L90120GU2007PLC905819,Gujarat,Education,46.51,465100000.0,2020-21,Bank Transfer,Yes,NGO Partner 30,218286,No,MCA National CSR Data Portal / data.gov.in,Medium(10-50Cr),0,0,1,1
CSR2112,Ultratech Cement,Corporate,L43289MA1994PLC367729,Maharashtra,Healthcare,193.43,1934300000.0,2020-21,Bank Transfer,Yes,NGO Partner 30,473493,Yes,MCA National CSR Data Portal / data.gov.in,Major(100-500Cr),1,0,5,3
CSR2057,Bharti Airtel,Corporate,L68991DE1988PLC888295,Delhi,Skill Development,597.49,5974900000.0,2020-21,Cheque,Yes,NGO Partner 41,146391,Yes,MCA National CSR Data Portal / data.gov.in,Mega(>500Cr),1,0,0,5
CSR2058,Adani Ports And Sez,Corporate,L51904GU2008PLC666390,Gujarat,Education,195.25,1952500000.0,2020-21,Bank Transfer,Yes,NGO Partner 9,80078,Yes,MCA National CSR Data Portal / data.gov.in,Major(100-500Cr),1,0,1,1
CSR2063,Dr. Reddys Laboratories,Corporate,L13552TE1982PLC773971,Telangana,Rural Development,477.6,4776000000.0,2020-21,Online Portal,Yes,NGO Partner 9,455479,Yes,MCA National CSR Data Portal / data.gov.in,Major(100-500Cr),1,0,7,4
CSR2070,Hindustan Unilever,Corporate,L49529MA2007PLC817497,Maharashtra,Rural Development,505.52,5055200000.0,2020-21,Bank Transfer,Yes,NGO Partner 37,411326,Yes,MCA National CSR Data Portal / data.gov.in,Mega(>500Cr),1,0,5,4
CSR2074,Maruti Suzuki India,Corporate,L59674DE1990PLC130094,Delhi,Environment,460.18,4601800000.0,2020-21,Online Portal,Yes,NGO Partner 21,96336,Yes,MCA National CSR Data Portal / data.gov.in,Major(100-500Cr),1,0,0,2
CSR2027,Larsen And Toubro,Corporate,L44760MA2009PLC922157,Maharashtra,Skill Development,11.7,117000000.0,2020-21,Online Portal,Yes,NGO Partner 19,222777,Yes,MCA National CSR Data Portal / data.gov.in,Medium(10-50Cr),1,0,5,5
CSR2079,Kotak Mahindra Bank,Corporate,L35105MA1986PLC874483,Maharashtra,Education,104.45,1044500000.0,2020-21,Online Portal,Yes,NGO Partner 18,380891,Yes,MCA National CSR Data Portal / data.gov.in,Major(100-500Cr),1,0,5,1
CSR2040,Hcl Technologies,Corporate,L57795UT2008PLC934794,Uttar Pradesh,Healthcare,110.68,1106800000.0,2020-21,Bank Transfer,Yes,NGO Partner 23,111140,Yes,MCA National CSR Data Portal / data.gov.in,Major(100-500Cr),1,0,8,3
CSR2082,Nestle India,Corporate,L85243HA1989PLC592198,Haryana,Rural Development,91.04,910400000.0,2020-21,Online Portal,Yes,NGO Partner 29,179628,Yes,MCA National CSR Data Portal / data.gov.in,Large(50-100Cr),1,0,2,4
CSR2010,Infosys Limited,Corporate,L42325KA2003PLC688637,Karnataka,Education,122.87,1228700000.0,2020-21,Rtgs/Neft,Yes,NGO Partner 48,307491,Yes,MCA National CSR Data Portal / data.gov.in,Major(100-500Cr),1,0,4,1
CSR2003,Tata Consultancy Services,Corporate,L65392MA1990PLC391369,Maharashtra,Education,609.46,6094600000.0,2020-21,Cheque,Yes,NGO Partner 14,401290,Yes,MCA National CSR Data Portal / data.gov.in,Mega(>500Cr),1,0,5,1
CSR2019,Ongc Limited,Corporate,L50857DE1992PLC804314,Delhi,Healthcare,586.65,5866500000.0,2020-21,Rtgs/Neft,Yes,NGO Partner 29,472656,Yes,MCA National CSR Data Portal / data.gov.in,Mega(>500Cr),1,0,0,3
CSR2016,Wipro Limited,Corporate,L10074KA1999PLC439902,Karnataka,Environment,763.26,7632600000.0,2020-21,Online Portal,Yes,NGO Partner 2,59650,No,MCA National CSR Data Portal / data.gov.in,Mega(>500Cr),0,0,4,2
CSR2106,Cipla Limited,Corporate,L19807MA1995PLC919488,Maharashtra,Healthcare,698.04,6980400000.0,2020-21,Rtgs/Neft,Yes,NGO Partner 22,327767,Yes,MCA National CSR Data Portal / data.gov.in,Mega(>500Cr),1,0,5,3
CSR2009,Hdfc Bank,Corporate,L40021MA2006PLC133659,Maharashtra,Rural Development,550.85,5508500000.0,2020-21,Rtgs/Neft,Yes,NGO Partner 26,141373,Yes,MCA National CSR Data Portal / data.gov.in,Mega(>500Cr),1,0,5,4
CSR2099,Bharat Petroleum Corporation,Corporate,L70482MA2010PLC223172,Maharashtra,Education,83.64,836400000.0,2020-21,Cheque,Yes,NGO Partner 32,489978,Yes,MCA National CSR Data Portal / data.gov.in,Large(50-100Cr),1,0,5,1
CSR2020,State Bank Of India,Corporate,L87110MA1997PLC341292,Maharashtra,Education,60.58,605800000.0,2020-21,Cheque,Yes,NGO Partner 1,38220,Yes,MCA National CSR Data Portal / data.gov.in,Large(50-100Cr),1,0,5,1
CSR2101,Power Grid Corporation Of India,Corporate,L10336DE1989PLC861319,Delhi,Education,278.5,2785000000.0,2020-21,Rtgs/Neft,Yes,NGO Partner 38,305046,No,MCA National CSR Data Portal / data.gov.in,Major(100-500Cr),0,0,0,1
CSR2036,Asian Paints Limited,Corporate,L46930MA1999PLC320861,Maharashtra,Community Development,447.05,4470500000.0,2019-20,Rtgs/Neft,Yes,NGO Partner 14,361446,Yes,MCA National CSR Data Portal / data.gov.in,Major(100-500Cr),1,0,5,0
CSR2007,Tata Consultancy Services,Corporate,L31319MA1991PLC472528,Maharashtra,Skill Development,512.19,5121900000.0,2019-20,Cheque,Yes,NGO Partner 43,140973,Yes,MCA National CSR Data Portal / data.gov.in,Mega(>500Cr),1,0,5,5
CSR2032,Bajaj Auto Limited,Corporate,L61876MA1984PLC804318,Maharashtra,Education,258.21,2582100000.0,2019-20,Rtgs/Neft,Yes,NGO Partner 30,166767,No,MCA National CSR Data Portal / data.gov.in,Major(100-500Cr),0,0,5,1
CSR2030,Mahindra And Mahindra,Corporate,L18907MA2001PLC346629,Maharashtra,Environment,156.8,1568000000.0,2019-20,Online Portal,Yes,NGO Partner 8,494667,No,MCA National CSR Data Portal / data.gov.in,Major(100-500Cr),0,0,5,2
CSR2015,Wipro Limited,Corporate,L76540KA1999PLC308573,Karnataka,Environment,503.99,5039900000.0,2019-20,Cheque,Yes,NGO Partner 24,400775,Yes,MCA National CSR Data Portal / data.gov.in,Mega(>500Cr),1,0,4,2
TR2158,Hindustan Zinc Foundation,Trust/Foundation,NOT AVAILABLE,Rajasthan,Women Empowerment,49.87,498700000.0,2019-20,Rtgs/Neft,Yes,NGO Partner 5,52544,Yes,Public Annual Reports / GiveIndia,Medium(10-50Cr),1,1,6,6
TR2166,Godrej Good And Green,Trust/Foundation,NOT AVAILABLE,Maharashtra,Environment,54.91,549100000.0,2019-20,Cheque,Yes,NGO Partner 49,86418,Yes,Public Annual Reports / GiveIndia,Large(50-100Cr),1,1,5,2
TR2159,Hdfc Parivartan,Trust/Foundation,NOT AVAILABLE,Maharashtra,Education,173.11,1731100000.0,2019-20,Online Portal,Yes,NGO Partner 46,84404,Yes,Public Annual Reports / GiveIndia,Major(100-500Cr),1,1,5,1
CSR2038,Hcl Technologies,Corporate,L31178UT2003PLC563298,Uttar Pradesh,Healthcare,513.32,5133200000.0,2019-20,Online Portal,Yes,NGO Partner 36,6069,Yes,MCA National CSR Data Portal / data.gov.in,Mega(>500Cr),1,0,8,3
CSR2026,Itc Limited,Corporate,L40982WE1985PLC526156,West Bengal,Rural Development,670.46,6704600000.0,2019-20,Online Portal,Yes,NGO Partner 31,113065,No,MCA National CSR Data Portal / data.gov.in,Mega(>500Cr),0,0,9,4
CSR2113,Titan Company,Corporate,L93746KA2010PLC544920,Karnataka,Education,790.24,7902400000.0,2019-20,Rtgs/Neft,Yes,NGO Partner 30,444182,Yes,MCA National CSR Data Portal / data.gov.in,Mega(>500Cr),1,0,4,1
TR2144,Tata Trusts,Trust/Foundation,NOT AVAILABLE,Maharashtra,Rural Development,48.73,487300000.0,2019-20,Rtgs/Neft,Yes,NGO Partner 36,48676,Yes,Public Annual Reports / GiveIndia,Medium(10-50Cr),1,1,5,4
TR2152,Hcl Foundation,Trust/Foundation,NOT AVAILABLE,Uttar Pradesh,Healthcare,91.2,912000000.0,2019-20,Cheque,Yes,NGO Partner 49,67654,Yes,Public Annual Reports / GiveIndia,Large(50-100Cr),1,1,8,3
CSR2043,Tech Mahindra,Corporate,L71694MA1987PLC309267,Maharashtra,Education,95.4,954000000.0,2019-20,Online Portal,Yes,NGO Partner 23,161007,Yes,MCA National CSR Data Portal / data.gov.in,Large(50-100Cr),1,0,5,1
CSR2118,Pidilite Industries,Corporate,L79579MA1996PLC385765,Maharashtra,Education,114.41,1144100000.0,2019-20,Cheque,Yes,NGO Partner 17,480224,Yes,MCA National CSR Data Portal / data.gov.in,Major(100-500Cr),1,0,5,1
CSR2109,Ultratech Cement,Corporate,L31805MA2002PLC414012,Maharashtra,Education,699.34,6993400000.0,2019-20,Bank Transfer,Yes,NGO Partner 3,171065,Yes,MCA National CSR Data Portal / data.gov.in,Mega(>500Cr),1,0,5,1
CSR2103,Power Grid Corporation Of India,Corporate,L34727DE2002PLC350405,Delhi,Education,308.0,3080000000.0,2019-20,Online Portal,Yes,NGO Partner 15,449797,Yes,MCA National CSR Data Portal / data.gov.in,Major(100-500Cr),1,0,0,1
CSR2122,Bosch Limited,Corporate,L89964KA1987PLC779112,Karnataka,Education,499.44,4994400000.0,2019-20,Bank Transfer,Yes,NGO Partner 41,432937,Yes,MCA National CSR Data Portal / data.gov.in,Major(100-500Cr),1,0,4,1
CSR2124,Dabur India,Corporate,L86983DE2003PLC861894,Delhi,Rural Development,303.1,3031000000.0,2019-20,Cheque,Yes,NGO Partner 27,344367,Yes,MCA National CSR Data Portal / data.gov.in,Major(100-500Cr),1,0,0,4
CSR2097,Bharat Petroleum Corporation,Corporate,L27172MA2009PLC402020,Maharashtra,Environment,170.81,1708100000.0,2019-20,Online Portal,Yes,NGO Partner 45,255128,Yes,MCA National CSR Data Portal / data.gov.in,Major(100-500Cr),1,0,5,2
CSR2092,Tata Steel,Corporate,L45325JH1998PLC142185,Jharkhand,Rural Development,799.66,7996600000.0,2019-20,Cheque,Yes,NGO Partner 31,273086,Yes,MCA National CSR Data Portal / data.gov.in,Mega(>500Cr),1,0,3,4
CSR2128,Havells India,Corporate,L86858UT1986PLC952547,Uttar Pradesh,Education,64.2,642000000.0,2019-20,Cheque,Yes,NGO Partner 22,406992,Yes,MCA National CSR Data Portal / data.gov.in,Large(50-100Cr),1,0,8,1
CSR2089,Vedanta Limited,Corporate,L28643RA1982PLC162535,Rajasthan,Healthcare,521.63,5216300000.0,2019-20,Cheque,Yes,NGO Partner 20,312974,Yes,MCA National CSR Data Portal / data.gov.in,Mega(>500Cr),1,0,6,3
CSR2131,Abb India,Corporate,L77271KA1998PLC214351,Karnataka,Education,364.14,3641400000.0,2019-20,Online Portal,Yes,NGO Partner 33,117155,No,MCA National CSR Data Portal / data.gov.in,Major(100-500Cr),0,0,4,1
TR2133,Azim Premji Foundation,Trust/Foundation,NOT AVAILABLE,Karnataka,Education,180.36,1803600000.0,2019-20,Cheque,Yes,NGO Partner 5,17040,Yes,Public Annual Reports / GiveIndia,Major(100-500Cr),1,1,4,1
CSR2076,Axis Bank,Corporate,L41499MA2002PLC599219,Maharashtra,Rural Development,331.08,3310800000.0,2019-20,Online Portal,Yes,NGO Partner 29,416725,Yes,MCA National CSR Data Portal / data.gov.in,Major(100-500Cr),1,0,5,4
CSR2072,Maruti Suzuki India,Corporate,L45400DE1999PLC947458,Delhi,Environment,589.7,5897000000.0,2019-20,Online Portal,Yes,NGO Partner 30,229366,Yes,MCA National CSR Data Portal / data.gov.in,Mega(>500Cr),1,0,0,2
CSR2065,Dr. Reddys Laboratories,Corporate,L43065TE2006PLC185884,Telangana,Education,229.82,2298200000.0,2019-20,Online Portal,Yes,NGO Partner 2,393704,Yes,MCA National CSR Data Portal / data.gov.in,Major(100-500Cr),1,0,7,1
CSR2061,Adani Ports And Sez,Corporate,L49139GU2004PLC508930,Gujarat,Education,14.66,146600000.0,2019-20,Online Portal,Yes,NGO Partner 35,392913,Yes,MCA National CSR Data Portal / data.gov.in,Medium(10-50Cr),1,0,1,1
CSR2055,Sun Pharmaceutical Industries,Corporate,L65724GU1987PLC284430,Gujarat,Healthcare,603.26,6032600000.0,2019-20,Online Portal,Yes,NGO Partner 4,293241,Yes,MCA National CSR Data Portal / data.gov.in,Mega(>500Cr),1,0,1,3
TR2147,Wipro Foundation,Trust/Foundation,NOT AVAILABLE,Karnataka,Education,40.37,403700000.0,2019-20,Online Portal,Yes,NGO Partner 5,19095,Yes,Public Annual Reports / GiveIndia,Medium(10-50Cr),1,1,4,1
CSR2001,Reliance Industries Limited,Corporate,L23434MA2001PLC876646,Maharashtra,Education,203.46,2034600000.0,2019-20,Bank Transfer,Yes,NGO Partner 38,222208,Yes,MCA National CSR Data Portal / data.gov.in,Major(100-500Cr),1,0,5,1
